{
  "0": [
    [1869.1125345607425, 0.0, 543.8823586167894],
    [0.0, 1872.9844024046715, 958.1184951213671],
    [0.0, 0.0, 1.0]
  ],
  "1": [
    [3199.6555502171386, 0.0, 2203.6206415650026],
    [0.0, 3307.6388855074233, 988.4466493322793],
    [0.0, 0.0, 1.0]
  ]
}
